step,sequence,ann IC50
0,CQWGRLWQL,121.18
1,CQWGCLWQL,53.35
2,CQWDCLWQL,15.98
3,CQWDCLCQL,113.32
4,CQWDQLCQL,252.59
5,CQWDQLCGL,139.7
6,YQWDQLCGL,6.38
7,YQEDQLCGL,294.63
8,YQEDQLCML,289.41
9,YLEDQLCML,15.62
10,YAEDQLCML,2262.7
11,RAEDQLCML,11484.25
12,RAEDQLQML,14222.72
13,RAEDQIQML,14586.93
14,RAEDQIHML,9981.79
15,RLEDQIHML,106.3
16,RLMDQIHML,4.24
17,YLMDQIHML,2.29
18,YLMDQIHMV,2.02
19,YLMDQIHEV,2.14
20,YLMDPIHEV,2.35
21,YLDDPIHEV,3.92
22,YLDDWIHEV,2.19
23,YLDDWIPEV,2.26
24,YLDDHIPEV,2.71
25,YLDDHIPHV,2.69
26,YLMDHIPHV,2.01
27,YLMDHIVHV,1.88
28,YLMDEIVHV,1.96
29,YLMDEIIHV,1.91
30,FLMDEIIHV,1.92
31,FLMDEVIHV,1.97
32,FLDDEVIHV,2.79
33,FLDDPVIHV,4.05
34,FLDDPVPHV,4.23
35,FLDDPVHHV,4.43
36,FLDEPVHHV,4.08
37,FLDEPVHEV,3.46
38,FLMEPVHEV,2.19
39,FLMEPVTEV,2.27
40,FLMEHVTEV,1.96
41,FLMEHVPEV,1.94
42,FLMEHVPHV,1.92
43,YLMEHVPHV,1.95
44,YLMEHVPEV,1.98
45,YLMEDVPEV,2.06
46,YLMEEVPEV,2.04
47,YLMDEVPEV,2.28
48,YLMDEVPTV,2.18
49,YLMDHVPTV,2.1
50,YLMDHVTTV,2.07
51,YLDDHVTTV,2.67
52,YLDDHVTSV,2.74
53,YLDDHVHSV,2.68
54,YLDDHVHQV,3.1
55,YLDDEVHQV,3.55
56,YLDDEVHHV,3.29
57,YLDDELHHV,3.05
58,YLDDWLHHV,2.25
59,YLDDILHHV,2.34
60,YLDDIPHHV,3.54
61,YLMDIPHHV,2.22
62,YLMDIPHTV,2.16
63,YLMDPPHTV,3.95
64,YLMDPIHTV,2.25
65,YLMDPIHHV,2.36
66,YLMDPVHHV,2.47
67,YLMHPVHHV,3.09
68,YLMEPVHHV,2.34
69,YLMETVHHV,2.09
70,YLMEHVHHV,2.02
71,YLMEHVHTV,2.03
72,FLMEHVHTV,2.03
73,FLDEHVHTV,2.4
74,FLDEHVHSV,2.35
75,FLDDHVHSV,2.54
76,FLDDHVHEV,2.6
77,FLDDHLHEV,2.42
78,FLDDPLHEV,3.6
79,FLDDPPHEV,7.44
80,FLDDPIHEV,3.7
81,FLDDPISEV,4.49
82,YLDDPISEV,4.79
83,YLDDPIFEV,2.53
84,YLDDIIFEV,1.84
85,YMDDIIFEV,1.88
86,YMDDIIHEV,2.35
87,YMDDIIHHV,2.42
88,YMDDIIPHV,2.41
89,YMMDIIPHV,1.87
90,YMMDIIIHV,1.81
91,YMMDPIIHV,2.22
92,YMMDPIIEV,2.15
93,YMMDPIVEV,2.22
94,FMMDPIVEV,2.2
95,FMMDPVVEV,2.25
96,FMMDHVVEV,1.92
97,YMMDHVVEV,1.94
98,YMMDHVIEV,1.89
99,YLMDHVIEV,1.82
100,YLMDHPIEV,2.26
101,YLMDHPVEV,2.37
102,YLMDHPVHV,2.44
103,FLMDHPVHV,2.35
104,FLMDWPVHV,1.94
105,FLMDWPPHV,2.24
106,FLMDPPPHV,4.34
107,FLMDPPIHV,3.12
108,FLMDHPIHV,2.26
109,FLDDHPIHV,3.75
110,FLDDWPIHV,2.83
111,FLDDWPIEV,2.6
112,FLDDWIIEV,1.96
113,YLDDWIIEV,1.98
114,YLDDTIIEV,2.32
115,YLDDTIHEV,2.53
116,YLDDTIHSV,2.54
117,YLDDVIHSV,2.21
118,YLDDVIHHV,2.37
119,YLDDVITHV,2.48
120,YLDDVVTHV,2.64
121,YLMDVVTHV,1.96
122,YLMDFVTHV,1.83
123,YLMDPVTHV,2.53
124,YLMDPVQHV,2.81
125,YLMDPVWHV,1.87
126,YLMDPVWTV,1.81
127,YLMDPVFTV,1.87
128,YLMDPVYTV,1.97
129,YLMDPVYEV,2.01
130,YLMDIVYEV,1.71
131,YLMDEVYEV,1.85
132,YLMDEVLEV,1.89
133,YLMDEVTEV,2.18
134,YLMDEVTYV,1.87
135,YLMDEVFYV,1.63
136,YLMDEVHYV,1.83
137,YLMDEVHPV,1.9
138,YLMDDVHPV,1.91
139,YLMDDVHFV,1.85
140,YLMDDIHFV,1.8
141,YLMDNIHFV,1.79
142,YLMDNIHQV,2.1
143,YLMDNVHQV,2.21
144,YLMDHVHQV,2.2
145,YLMDPVHQV,2.62
146,YMMDPVHQV,2.95
147,YMMDPVHYV,2.11
148,YMDDPVHYV,3.26
149,YMDDPVHTV,4.47
150,YMDEPVHTV,3.87
151,YMMEPVHTV,2.34
152,YMMDPVHTV,2.58
153,YMMDPVITV,2.17
154,YMMDHVITV,1.86
155,FMMDHVITV,1.88
156,FMMDHVPTV,2.3
157,FLMDHVPTV,2.06
158,FLMDHVSTV,2.24
159,FLMDHVHTV,2.05
160,FLMDFVHTV,1.83
161,FLMDPVHTV,2.33
162,FLMHPVHTV,2.94
163,FLMHPVHEV,2.76
164,FLMHIVHEV,2.07
165,YLMHIVHEV,2.06
166,YLMHVVHEV,2.12
167,YLMEVVHEV,1.86
168,YLMEPVHEV,2.22
169,YLMEPVEEV,2.57
170,YLMEPIEEV,2.44
171,YLDEPIEEV,4.53
172,YLDEPIEHV,5.87
173,YLDEPITHV,4.27
174,YLDEEITHV,2.98
175,YLDEEITEV,2.66
176,YLDEHITEV,2.35
177,YLDWHITEV,2.55
178,YLDWHIFEV,2.01
179,YLDHHIFEV,2.12
180,YLDEHIFEV,1.88
181,YLMEHIFEV,1.67
182,YLMEPIFEV,1.79
183,YLMEPIHEV,2.14
184,YLDEPIHEV,3.37
185,YLDEHIHEV,2.32
186,YLIEHIHEV,2.1
187,YLIDHIHEV,2.16
188,YLIDHIHHV,2.2
189,YLWDHIHHV,1.97
190,YLWDIIHHV,1.95
191,YLDDIIHHV,2.32
192,YLDWIIHHV,2.82
193,YLMWIIHHV,2.1
194,YLMWVIHHV,2.19
195,YLMWHIHHV,2.14
196,YLMWHIHTV,2.21
197,YLMWEIHTV,2.25
198,YLMWDIHTV,2.18
199,YLMHDIHTV,2.37
200,YLDHDIHTV,3.47
201,YLDDDIHTV,2.74
202,YLDDQIHTV,2.76
203,YLDDGIHTV,2.42
204,YLDDGIHHV,2.81
205,YLDDAIHHV,2.71
206,YLDDAIHEV,2.55
207,YLDDVIHEV,2.2
208,YLDDNIHEV,2.62
209,YLDDNITEV,2.76
210,YLDDNITHV,2.96
211,YLDDIITHV,2.4
212,YLDDFITHV,2.23
213,YLDDFIWHV,1.84
214,YLDDFIPHV,2.09
215,YMDDFIPHV,2.24
216,YMDDFIPEV,2.25
217,YMDDFIIEV,2.01
218,YMDDFVIEV,2.06
219,YMDDWVIEV,2.13
220,YMDDWVIHV,2.24
221,YMDDWVVHV,2.32
222,YMDDFVVHV,2.29
223,YMDDFVPHV,2.32
224,YMDDIVPHV,2.52
225,YMDDIVPTV,2.34
226,YMMDIVPTV,1.91
227,YMMDIVPAV,1.88
228,YMMDIVPEV,1.95
229,YMMDVVPEV,1.94
230,YMMDVVTEV,1.92
231,YMMDVITEV,1.88
232,YMMDIITEV,1.87
233,YMMDIITHV,1.89
234,YMMDIIHHV,1.87
235,YMMDLIHHV,1.93
236,YMMDLIHEV,1.95
237,YMDDLIHEV,2.55
238,FMDDLIHEV,2.46
239,FLDDLIHEV,2.27
240,FLDDGIHEV,2.53
241,FLDDGIHHV,2.64
242,FLDDGIVHV,2.64
243,FLDDGITHV,2.83
244,FLDDYITHV,2.17
245,FLDDIITHV,2.4
246,FLDDIISHV,2.58
247,FLDDIISEV,2.34
248,FLDDIIHEV,2.13
249,FLDDIIHKV,2.46
250,FLDDDIHKV,3.45
251,FLDDDIHAV,2.69
252,FLDEDIHAV,2.47
253,FLDEDIHYV,2.02
254,FLDDDIHYV,2.14
255,FLDDDIFYV,1.8
256,FLDDDIFTV,2.01
257,FLDDDIQTV,3.17
258,FLDDDIETV,3.3
259,YLDDDIETV,3.4
260,YLDDEIETV,3.4
261,YLDDEIFTV,2.02
262,YLDDEIWTV,1.98
263,YLDDEIWYV,1.8
264,YLDDEIHYV,2.17
265,FLDDEIHYV,2.1
266,FLDDEIHFV,2.1
267,FLDDEVHFV,2.18
268,FLMDEVHFV,1.83
269,FLMDTVHFV,1.85
270,FLMDHVHFV,1.82
271,FLMDHVHYV,1.79
272,FLMHHVHYV,1.98
273,FLMHHVHQV,2.58
274,YLMHHVHQV,2.67
275,YLMHEVHQV,2.84
276,YLMHEVHSV,2.53
277,YLMWEVHSV,2.23
278,YLMEEVHSV,2.04
279,YLMEEVHTV,2.08
280,YLMEELHTV,1.96
281,YLMEWLHTV,1.71
282,YLMDWLHTV,1.71
283,YLMDWLHAV,1.72
284,YLMDELHAV,1.99
285,YLMDELHHV,2.04
286,YLMDELYHV,1.8
287,YLMDHLYHV,1.79
288,YLMDHLFHV,1.71
289,YLMEHLFHV,1.72
290,YLMEELFHV,1.74
291,YLMEELFEV,1.68
292,YLMEELWEV,1.65
293,YLMEELHEV,1.93
294,YLMEFLHEV,1.74
295,YLMDFLHEV,1.74
296,YLMDFLTEV,1.73
297,YLMDELTEV,2.04
298,YLMDELIEV,1.82
299,YLMDELFEV,1.69
300,YLMDELFTV,1.7
301,YLMDELHTV,2.0
302,YLMDPLHTV,2.2
303,YLMDPLHKV,2.62
304,YLMDHLHKV,2.19
305,YLMDHLHPV,1.82
306,YLMDHLHSV,1.97
307,YLMDILHSV,1.78
308,YMMDILHSV,1.83
309,YMMDIVHSV,1.91
310,YMMDIVHPV,1.77
311,YMMDDVHPV,2.08
312,YMMDHVHPV,2.05
313,YMMDHVHFV,1.93
314,YMMDHVHYV,1.93
315,YMDDHVHYV,2.34
316,FMDDHVHYV,2.21
317,FMDDTVHYV,2.19
318,FMDDIVHYV,1.93
319,FMDDIVHAV,2.3
320,FMDDIVHEV,2.34
321,FMDDILHEV,2.21
322,FMDDWLHEV,2.25
323,FLDDWLHEV,2.07
324,FLDDELHEV,2.66
325,KLDDELHEV,4.91
326,KLDDEVHEV,5.65
327,KLDDHVHEV,4.76
328,KLDDHVPEV,4.95
329,KLDDDVPEV,6.19
330,KLDDDVFEV,3.15
331,KLDDPVFEV,4.43
332,KLDDIVFEV,2.29
333,FLDDIVFEV,1.87
334,FLDDIPFEV,2.14
335,FLDDIPFHV,2.29
336,FMDDIPFHV,2.39
337,FMDDIPTHV,3.91
338,FMDDIPTEV,3.72
339,FLDDIPTEV,3.2
340,FLDDWPTEV,3.35
341,FLDDWPLEV,2.69
342,FLDDWILEV,2.0
343,FLDDWIEEV,2.38
344,FLDDVIEEV,2.64
345,FLDDHIEEV,2.84
346,FLDDHIEHV,3.1
347,FLDDHVEHV,3.37
348,FLDDHVPHV,2.67
349,FLIDHVPHV,2.16
350,FLIDHVTHV,2.34
351,FLIDHVHHV,2.3
352,FLIDHVHQV,2.45
353,FLIDHVHEV,2.23
354,FLIDHVHTV,2.31
355,FLADHVHTV,2.39
356,FLADHVHEV,2.47
357,FLAEHVHEV,2.27
358,FLAEPVHEV,2.94
359,YLAEPVHEV,3.12
360,YLAEDVHEV,2.55
361,YLIEDVHEV,2.26
362,YLIETVHEV,2.37
363,YLDETVHEV,2.55
364,YLDETVHHV,2.91
365,YLDETVTHV,3.24
366,YLDETVTEV,2.74
367,YLDETVTTV,3.17
368,YLMETVTTV,2.28
369,YLMDTVTTV,2.23
370,YLMDTITTV,2.12
371,YLMDFITTV,1.8
372,YLMDFIQTV,1.86
373,YLMDPIQTV,2.51
374,YLMDPIQSV,2.56
375,YLMDPINSV,2.51
376,YLMDPIISV,2.05
377,YLMDWIISV,1.67
378,YLMDWIHSV,1.75
379,YLMDWPHSV,2.23
380,YLMDWPVSV,1.91
381,YLMDDPVSV,2.65
382,YLMDDPFSV,2.15
383,YLMDPPFSV,2.41
384,YLMDPPFQV,2.62
385,YLMDPPHQV,4.93
386,YLMDPPHAV,4.07
387,YLMDPPHEV,4.54
388,YLMWPPHEV,3.33
389,YLMWPIHEV,2.25
390,YLMGPIHEV,2.48
391,YLMGIIHEV,1.92
392,YLMSIIHEV,1.88
393,YLMSTIHEV,2.09
394,YLMNTIHEV,2.26
395,YLMNTVHEV,2.4
396,YLMNVVHEV,2.08
397,YLMNSVHEV,2.3
398,YLMGSVHEV,2.23
399,YLMGHVHEV,2.21
400,YLMGHVHHV,2.28
401,YLMWHVHHV,2.26
402,YLDWHVHHV,3.0
403,FLDWHVHHV,2.98
404,FLDWHVHEV,2.52
405,FLDWFVHEV,2.34
406,FLMWFVHEV,1.97
407,FLMWAVHEV,2.14
408,YLMWAVHEV,2.12
409,YLMEAVHEV,1.93
410,YLMEIVHEV,1.83
411,YLMEIVHHV,1.92
412,YLMEIVYHV,1.79
413,YLMEIVYEV,1.71
414,YLMEIIYEV,1.69
415,YLMEIIHEV,1.79
416,YLMESIHEV,1.89
417,YLMEFIHEV,1.75
418,YLMHFIHEV,1.92
419,YLMHPIHEV,2.65
420,YLMHPIQEV,3.08
421,YLMHPIYEV,2.1
422,YLMHPIYHV,2.24
423,YLMHPIVHV,2.87
424,YLMHHIVHV,2.2
425,YMMHHIVHV,2.15
426,YMMHHIIHV,2.08
427,YMMHHVIHV,2.17
428,YMMWHVIHV,2.12
429,YMMWHVVHV,2.18
430,YMMWHVPHV,2.13
431,YMMWPVPHV,2.34
432,YMMEPVPHV,2.43
433,YMMDPVPHV,2.88
434,YMMDVVPHV,1.91
435,YMMDVVVHV,1.91
436,YMMDWVVHV,1.76
437,YMMDWVLHV,1.74
438,FMMDWVLHV,1.75
439,FMMDWVLEV,1.71
440,FMMDHVLEV,1.88
441,YMMDHVLEV,1.89
442,YMMDHVLSV,1.89
443,YMMDHVISV,1.88
444,YMMDHIISV,1.85
445,YMMDHIITV,1.83
446,YMMDHIIAV,1.83
447,YMDDHIIAV,2.33
448,YMDDHIIKV,2.85
449,YMDDWIIKV,2.35
450,YMDDPIIKV,4.88
451,YMDDPIISV,3.54
452,YMDDSIISV,2.36
453,FMDDSIISV,2.31
454,FLDDSIISV,2.25
455,FLDDNIISV,2.31
456,FLDDNIITV,2.39
457,FLDDNIFTV,1.98
458,FLDDNIHTV,2.47
459,FLDDTIHTV,2.59
460,FLDDTIWTV,1.95
461,FLDDTIWSV,1.91
462,FLDDTIHSV,2.51
463,FLDDYIHSV,2.04
464,FLDDYIHQV,2.17
465,FLDDPIHQV,4.33
466,KLDDPIHQV,10.53
467,KLDDPIHSV,7.5
468,YLDDPIHSV,3.79
469,YLDDPPHSV,7.64
470,YLDDPPYSV,4.96
471,YLDDPPISV,6.37
472,YLDDPPIHV,8.29
473,YLDDPHIHV,12.67
474,YLDDPTIHV,5.67
475,YLDDPTPHV,6.63
476,YLDDPTVHV,6.34
477,YLDDHTVHV,3.41
478,YLDDHWVHV,3.65
479,YLDDHFVHV,2.95
480,YLDDHFVEV,2.55
481,YLDDHFIEV,2.46
482,YLDDHHIEV,4.42
483,YLDDHHVEV,4.9
484,FLDDHHVEV,4.4
485,FLDEHHVEV,3.82
486,YLDEHHVEV,4.2
487,YLDEHHVHV,5.5
488,YLDEEHVHV,7.23
489,YLDEEFVHV,3.47
490,YLDEEFPHV,2.96
491,YLDEEIPHV,2.69
492,YLDEEIPEV,2.57
493,YLDKEIPEV,3.62
494,YLDKWIPEV,2.49
495,YLDWWIPEV,1.93
496,YLMWWIPEV,1.71
497,YLMSWIPEV,1.76
498,YLMSWIPHV,1.77
499,YLMSWIFHV,1.67
500,YLMHWIFHV,1.71
501,YLMHWIFTV,1.7
502,YLMHHIFTV,1.84
503,YLMHHIITV,2.08
504,YLMHHIHTV,2.32
505,YLMEHIHTV,1.94
506,FLMEHIHTV,1.96
507,FLMEHIHPV,1.78
508,FLMEHIHSV,1.92
509,FLMEHVHSV,1.98
510,FLMEHVHQV,2.08
511,FLMEHVHYV,1.77
512,YLMEHVHYV,1.78
513,YLMEEVHYV,1.79
514,YLMEEVTYV,1.83
515,YLMEDVTYV,1.82
516,YLMEHVTYV,1.78
517,YLMEHVTQV,2.1
518,YLMEHVSQV,2.33
519,YLMEHISQV,2.18
520,YLMEHIHQV,2.02
521,YLMEHLHQV,2.01
522,FLMEHLHQV,1.98
523,FLMDHLHQV,2.02
524,FLMDHLTQV,2.02
525,FLMDHVTQV,2.14
526,KLMDHVTQV,3.06
527,KLMDHVPQV,3.08
528,KLMDHVPEV,2.98
529,KLMEHVPEV,2.49
530,KLMEHVPHV,2.45
531,KLMDHVPHV,2.79
532,KLMDHVPTV,2.75
533,KLMDHVTTV,2.77
534,KLMDHVTHV,2.83
535,KLMDHVTEV,2.83
536,KLMDIVTEV,2.22
537,KLMDWVTEV,2.17
538,KLMDWVFEV,1.75
539,KLMDWVFTV,1.76
540,KLMDWVHTV,2.06
541,KLMDTVHTV,2.85
542,KLMDVVHTV,2.3
543,KLMDVVHEV,2.19
544,YLMDVVHEV,1.86
545,YLMDFVHEV,1.79
546,YLMDFVHNV,1.86
547,YLMDWVHNV,1.85
548,YLMDHVHNV,2.22
549,YLDDHVHNV,3.15
550,YLDDHIHNV,2.92
551,YLDDHIFNV,2.08
552,YLDDHIFKV,2.17
553,YLDDHIVKV,2.79
554,YLMDHIVKV,1.97
555,YLMDHIIKV,1.91
556,YLMEHIIKV,1.91
557,YLMEEIIKV,1.98
558,YLDEEIIKV,2.89
559,YLDEDIIKV,2.86
560,YLDEDIIEV,2.34
561,YLDEDVIEV,2.47
562,YMDEDVIEV,2.57
563,YMDEFVIEV,2.04
564,YMDEFIIEV,1.99
565,YMMEFIIEV,1.7
566,YMMEIIIEV,1.74
567,YMMEIIWEV,1.62
568,YMMEIIPEV,1.78
569,YMMDIIPEV,1.91
570,YMMDIIPTV,1.86
571,YMMDAIPTV,2.07
572,YMMDTIPTV,2.18
573,YMMDVIPTV,1.87
574,YMMDVIFTV,1.68
575,YMMDFIFTV,1.63
576,YMDDFIFTV,1.81
577,YMDDFIVTV,2.06
578,YMDDFIVSV,2.06
579,YMDDFIPSV,2.21
580,YMDDFIPFV,1.85
581,YMDDHIPFV,2.26
582,YMMDHIPFV,1.91
583,YMMDHIPYV,1.95
584,YMMDHITYV,1.88
585,YMMDHIIYV,1.7
586,YMMDHIVYV,1.73
587,YMMDHIVNV,1.97
588,YMDDHIVNV,2.8
589,YMDDHIVWV,2.29
590,YMDDHIVHV,2.66
591,YMIDHIVHV,2.11
592,YMIDHIIHV,2.04
593,YMWDHIIHV,1.88
594,YMWDHIVHV,1.92
595,YLWDHIVHV,1.95
596,YLWDHIIHV,1.9
597,YLWDHIFHV,1.73
598,YLWDPIFHV,1.96
599,YLWDPIYHV,2.05
600,YLWDPVYHV,2.13
601,YLIDPVYHV,2.3
602,YLIDPVPHV,2.71
603,YLIDPVVHV,2.91
604,YLIDPVTHV,3.03
605,YLWDPVTHV,2.69
606,YLWDPVPHV,2.49
607,FLWDPVPHV,2.42
608,FLWDPVPEV,2.37
609,FLWDPVWEV,1.86
610,YLWDPVWEV,1.88
611,YLMDPVWEV,1.83
612,YLDDPVWEV,2.61
613,YLDDEVWEV,2.11
614,YLDDNVWEV,1.99
615,FLDDNVWEV,1.93
616,FLDDNVIEV,2.38
617,FLMDNVIEV,1.87
618,KLMDNVIEV,2.29
619,KLMDSVIEV,2.23
620,KLMDEVIEV,2.36
621,KLMDEVVEV,2.48
622,KLMDEVPEV,3.26
623,KLMDEVPSV,3.21
624,KLMDEVPHV,3.09
625,KLMDELPHV,2.79
626,KLMDEPPHV,7.17
627,KLMDEPPEV,7.93
628,KLMDDPPEV,8.48
629,KLMDDPIEV,4.07
630,YLMDDPIEV,2.55
631,YLMDAPIEV,2.17
632,YLMDEPIEV,2.45
633,YLMDEPIQV,2.63
634,YLMDEPVQV,2.82
635,YLMDEHVQV,3.47
636,YLMDEHVTV,2.93
637,YLMDPHVTV,3.62
638,YLMDPHPTV,5.68
639,YLMDPFPTV,2.37
640,YLMDPFITV,2.26
641,YLMDWFITV,1.75
642,YLMDWTITV,1.72
643,YLDDWTITV,2.13
644,YLDDWTPTV,2.51
645,YLDDWTPEV,2.91
646,YLDDWTPYV,2.15
647,YLDDWPPYV,2.64
648,YLDDWPPTV,3.26
649,YLDDWPTTV,3.22
650,YLDDWPTYV,2.53
651,YLMDWPTYV,1.86
652,YLMDHPTYV,2.35
653,YLMDHPTFV,2.26
654,YLMDHPFFV,1.77
655,YLDDHPFFV,2.11
656,YLDDEPFFV,2.29
657,YLDDEIFFV,1.82
658,YLDDEINFV,2.39
659,YLDDEISFV,2.42
660,YLDDEISHV,3.65
661,YLDDEIAHV,3.09
662,YLDDEIASV,2.87
663,YLDDEVASV,3.08
664,YLDDEVAYV,2.33
665,YLDDEVYYV,1.93
666,YLDDWVYYV,1.73
667,YLDDWVYWV,1.87
668,YLDDWVYKV,2.18
669,YLDDPVYKV,3.83
670,YLDDPVEKV,9.02
671,YLMDPVEKV,3.37
672,YLMDPVETV,2.77
673,YLMDHVETV,2.21
674,YLDDHVETV,3.12
675,YLDDHVEYV,2.35
676,YLDDHVPYV,2.14
677,YLDDHVFYV,1.79
678,YLDDEVFYV,1.84
679,YLDDEVSYV,2.58
680,YLDDWVSYV,1.99
681,YLDDWVSTV,2.37
682,YLMDWVSTV,1.86
683,YLMDWVPTV,1.77
684,YLMDWVPSV,1.81
685,YLMDWVFSV,1.61
686,YLMDWVSSV,1.86
687,YLMDIVSSV,1.97
688,YLMDIVTSV,1.87
689,YLMDIVTKV,2.01
690,YLMDIVTQV,1.96
691,YLMDIVEQV,2.18
692,YLMDIVQQV,2.09
693,YLMDHVQQV,2.33
694,YLMDHVQPV,1.93
695,YLMDHVWPV,1.62
696,FLMDHVWPV,1.61
697,FLMDHVWEV,1.67
698,FLMDHVWTV,1.67
699,FLDDHVWTV,1.89
700,FLDEHVWTV,1.89
701,FLDEPVWTV,2.38
702,FLDEPVWHV,2.58
703,FLDEIVWHV,1.97
704,FLDEIVEHV,3.44
705,FLMEIVEHV,2.31
706,FLMEIVYHV,1.82
707,FLMEWVYHV,1.69
708,FLMEWIYHV,1.66
709,FLMEFIYHV,1.75
710,FLMEFIHHV,1.84
711,FLMGFIHHV,2.01
712,FLMGVIHHV,2.2
713,YLMGVIHHV,2.13
714,YLMGPIHHV,2.65
715,YLMGPITHV,2.87
716,YLMGPIVHV,2.78
717,YLMGPIPHV,2.49
718,YLMGHIPHV,2.06
719,YLMSHIPHV,2.03
720,YLMHHIPHV,2.2
721,YLDHHIPHV,3.11
722,YLDHHIPEV,2.93
723,YLDHKIPEV,3.23
724,YLMHKIPEV,2.27
725,YLMHKIVEV,2.18
726,YLMHTIVEV,2.2
727,YLMHTIHEV,2.29
728,YLMHTVHEV,2.45
729,YLMHTVHHV,2.62
730,YLMHIVHHV,2.21
731,YLMNIVHHV,2.15
732,YLMNHVHHV,2.36
733,YLMNHVTHV,2.41
734,YLMKHVTHV,2.58
735,YLMKHVIHV,2.39
736,YLMKHVIEV,2.11
737,YLMWHVIEV,2.01
738,YLMWHVFEV,1.8
739,YLMWHVFSV,1.84
740,YLMWHVFTV,1.92
741,YLMWHVQTV,2.6
742,YLMWHVTTV,2.41
743,YLMWEVTTV,2.54
744,YLMWEVPTV,2.21
745,YLMHEVPTV,2.53
746,YLMHEVYTV,2.1
747,YLMDEVYTV,1.84
748,YLMDEIYTV,1.79
749,YLMEEIYTV,1.78
750,YLMEHIYTV,1.76
751,YLMETIYTV,1.86
752,YLMETIHTV,2.07
753,YLMETVHTV,2.17
754,FLMETVHTV,2.24
755,KLMETVHTV,2.86
756,KLMEPVHTV,3.26
757,KLMEPVHSV,3.19
758,YLMEPVHSV,2.22
759,YLMSPVHSV,2.53
760,YLMSPIHSV,2.39
761,YLMNPIHSV,2.65
762,YLMNPIHAV,2.65
763,YLMWPIHAV,2.42
764,FLMWPIHAV,2.5
765,FLMWPIHHV,2.55
766,FLMWPIHEV,2.3
767,FLMWEIHEV,2.09
768,FLMWIIHEV,1.98
769,FLMWIIHTV,2.23
770,FMMWIIHTV,2.1
771,FMMHIIHTV,2.1
772,YMMHIIHTV,2.08
773,YMMHVIHTV,2.15
774,YLMHVIHTV,2.22
775,YLMGVIHTV,2.16
776,YLMGNIHTV,2.31
777,YLDGNIHTV,3.14
778,YLDGWIHTV,2.28
779,YLDKWIHTV,2.61
780,YLDKWVHTV,2.85
781,YLMKWVHTV,2.04
782,YLMSWVHTV,1.86
783,YLMSWVHYV,1.67
784,YLMSWVHEV,1.81
785,YLMSWLHEV,1.75
786,YLMGWLHEV,1.77
787,YLMGHLHEV,2.08
788,YLMWHLHEV,2.03
789,YLMWDLHEV,2.01
790,YLMWSLHEV,2.01
791,YLMWSLHHV,2.16
792,YLMHSLHHV,2.29
793,YLMHDLHHV,2.38
794,YLDHDLHHV,4.23
795,YLDHDLHTV,3.51
796,YLDHDLHSV,3.52
797,YLDHDIHSV,3.5
798,YLDHIIHSV,2.61
799,YLDDIIHSV,2.18
800,FLDDIIHSV,2.15
801,FLDDIVHSV,2.22
802,FLDDIVYSV,1.97
803,FLDDHVYSV,2.09
804,FLDEHVYSV,2.02
805,FLDEEVYSV,2.13
806,FLDEEVYYV,1.86
807,FLDEEVEYV,2.53
808,FLDEHVEYV,2.29
809,YLDEHVEYV,2.31
810,YLMEHVEYV,1.87
811,YLMEHVYYV,1.66
812,YLMEHVYQV,1.87
813,YLMEDVYQV,1.87
814,YLMEDVTQV,2.18
815,YLMEPVTQV,2.53
816,YLMEPVHQV,2.46
817,YLMEPVHKV,2.57
818,YLMEPIHKV,2.42
819,YLMEVIHKV,1.98
820,YLMEVIHAV,1.89
821,YMMEVIHAV,1.85
822,YMMDVIHAV,1.86
823,YMMDVIHQV,1.94
824,YMMDPIHQV,2.78
825,YMIDPIHQV,3.07
826,YMIDPIHSV,2.73
827,YMIDPIHTV,2.65
828,FMIDPIHTV,2.6
829,FMDDPIHTV,3.87
830,FMDDPITTV,4.43
831,FMDDPIPTV,4.08
832,FMDDTIPTV,2.75
833,YMDDTIPTV,2.82
834,YMDDYIPTV,2.27
835,YMDDNIPTV,2.95
836,YMDDNIWTV,1.99
837,YMDDTIWTV,1.99
838,YMDDIIWTV,1.83
839,YMDDIISTV,2.51
840,YMDDIISEV,2.57
841,YMDDIVSEV,2.73
842,YMDDIVSYV,2.14
843,YMDDIVHYV,1.97
844,YMDEIVHYV,1.92
845,YMDEIVHTV,2.29
846,YMDEIIHTV,2.18
847,YMDEILHTV,2.17
848,YMDEELHTV,2.66
849,YMMEELHTV,2.01
850,YMMEHLHTV,1.96
851,YMMEHLHFV,1.78
852,YMMDHLHFV,1.84
853,YMDDHLHFV,2.2
854,YMDDHLHQV,3.29
855,YLDDHLHQV,2.87
856,YLDDWLHQV,2.33
857,YLMDWLHQV,1.78
858,YLMDQLHQV,2.19
859,YLMDQLHEV,2.09
860,YLMDVLHEV,1.79
861,YLMDVLHHV,1.85
862,YMMDVLHHV,1.86
863,YMMDVIHHV,1.88
864,YMMWVIHHV,2.06
865,YMMWVIHEV,1.94
866,YMMGVIHEV,1.96
867,YMMEVIHEV,1.82
868,YMMEVIHHV,1.87
869,YLMEVIHHV,1.91
870,YLMEVPHHV,2.19
871,YLMEQPHHV,3.22
872,YLMEQVHHV,2.14
873,YLMEQVHSV,2.1
874,YLMEQIHSV,2.01
875,YLMEAIHSV,1.89
876,YLMEAIHFV,1.77
877,YLMEGIHFV,1.74
878,YLMEGIHTV,1.85
879,YLMEFIHTV,1.82
880,YLMEFPHTV,2.02
881,YLMEDPHTV,2.93
882,YLMDDPHTV,3.45
883,YLMDDIHTV,2.04
884,YLYDDIHTV,2.23
885,YLWDDIHTV,2.05
886,YLWDSIHTV,2.03
887,YLWDPIHTV,2.35
888,YLWDPIHAV,2.33
889,YLWDPIHFV,1.97
890,YLWDEIHFV,1.81
891,YLWDEVHFV,1.87
892,YLWDLVHFV,1.84
893,YLWDPVHFV,2.04
894,YLWDPVHYV,1.98
895,YLWDEVHYV,1.82
896,YLWDEVHAV,2.12
897,YLADEVHAV,2.71
898,YLADEVHFV,2.16
899,YLADEVHEV,2.83
900,YLADPVHEV,3.57
901,YLADTVHEV,2.51
902,YLADNVHEV,2.64
903,YLADHVHEV,2.62
904,YLADHVIEV,2.16
905,YLADHVFEV,1.91
906,YLADHVSEV,3.01
907,YLADHVPEV,2.71
908,YLIDHVPEV,2.27
909,YLIDDVPEV,2.41
910,YLIDDVTEV,2.38
911,YLIDDVTHV,2.5
912,YLIDDVHHV,2.43
913,YLIDPVHHV,2.89
914,YLIDEVHHV,2.47
915,YLIDEVHEV,2.38
916,FLIDEVHEV,2.3
917,FLIDEVYEV,1.95
918,YLIDEVYEV,1.97
919,YLIDEVFEV,1.84
920,YLIDHVFEV,1.81
921,YLIDIVFEV,1.77
922,YLIDWVFEV,1.67
923,YLIDWVFSV,1.68
924,YLIDWVHSV,1.88
925,YLIDEVHSV,2.38
926,YLIDEVPSV,2.37
927,YLADEVPSV,2.9
928,YLADEVTSV,2.88
929,YLADEVTEV,2.91
930,YLADWVTEV,2.07
931,YLADWVFEV,1.73
932,YLADPVFEV,2.29
933,YLADIVFEV,1.79
934,YLADIVWEV,1.75
935,YLDDIVWEV,1.84
936,YLDDIVTEV,2.32
937,YLDDGVTEV,2.93
938,YLDDGVTFV,2.27
939,YLMDGVTFV,1.82
940,YLMDGVTAV,1.99
941,YLMDGVFAV,1.71
942,YLMDGVFQV,1.78
943,YLMDFVFQV,1.69
944,YLMDFVWQV,1.65
945,YLMDHVWQV,1.74
946,YLDDHVWQV,2.14
947,YLDDHVEQV,3.87
948,YLDDHVESV,3.14
949,YLDDHVYSV,2.16
950,YLDEHVYSV,2.04
951,YLMEHVYSV,1.78
952,YLMDHVYSV,1.82
953,FLMDHVYSV,1.81
954,FLMDHVYTV,1.81
955,FLMDPVYTV,1.99
956,FLDDPVYTV,2.75
957,FLDDPIYTV,2.6
958,FLDDEIYTV,2.12
959,FLMDEIYTV,1.8
960,FLMDEITTV,2.11
961,FLWDEITTV,2.18
962,FLADEITTV,2.59
963,FLADWITTV,1.98
964,FLADHITTV,2.34
965,FLADTITTV,2.67
966,FLMDTITTV,2.2
967,FLMDTITNV,2.19
968,FLMDTIHNV,2.09
969,YLMDTIHNV,2.08
970,YLMDTIHTV,2.04
971,YLMDTIHFV,1.79
972,YLMDTITFV,1.83
973,YLMDWITFV,1.65
974,YLMDWVTFV,1.66
975,YLDDWVTFV,1.93
976,YLDDHVTFV,2.17
977,YLDDHVTKV,3.58
978,YLMDHVTKV,2.32
979,YLMDHVPKV,2.44
980,YLMDGVPKV,2.26
981,YLMDGVPSV,2.02
982,YLMDGVPHV,2.01
983,YLMDGPPHV,3.2
984,FLMDGPPHV,2.94
985,FLMDQPPHV,3.75
986,FLMDVPPHV,2.22
987,FLMDVFPHV,1.88
988,FLMDVHPHV,2.47
989,YLMDVHPHV,2.54
990,YLMDVHFHV,1.97
991,YLMDVTFHV,1.75
992,YLMDVIFHV,1.71
993,YLMWVIFHV,2.0
994,YLMWIIFHV,1.93
995,YMMWIIFHV,1.83
996,YMMWIIFEV,1.73
997,YMMWIIPEV,1.81
998,YMMWFIPEV,1.76
999,YMMWPIPEV,2.21
